orchestra;13 kanons
orchestra;1812 festival overture
orchestra;1812 overture
orchestra;8 fantasiestücke
orchestra;abegg variations
orchestra;academic festival overture
orchestra;academic festival overture for orchestra
orchestra;"accelerationen , walzer"
orchestra;adagio for strings
orchestra;adelaide
orchestra;agnus dei
orchestra;alexander nevsky
orchestra;allegro de concert
orchestra;also sprach zarathustra
orchestra;alto rhapsody
orchestra;andante spianato and grande polonaise
orchestra;an der schönen blauen donau
orchestra;"an der schönen blauen donau , walzer"
orchestra;annen -polka
orchestra;annen polka
orchestra;arabeske
orchestra;arabesque
orchestra;artist 's life
orchestra;a survivor from warsaw
orchestra;aufforderung zum tanz
orchestra;ballade
orchestra;barcarolle
orchestra;barcarolle in f sharp major
orchestra;begräbnisgesang
orchestra;belsatzar
orchestra;berceuse
orchestra;berceuse in d flat major
orchestra;blumenstück
orchestra;bolero
orchestra;cantique de jean racine
orchestra;capriccio espagnol
orchestra;capriccio italien
orchestra;caprice bohémien
orchestra;caprice viennois
orchestra;carmen fantasy
orchestra;carnaval
orchestra;carnival overture
cello;cello concerto
cello;cello sonata
orchestra;champagne polka
orchestra;champagner -polka
clarinet;clarinet concerto
clarinet;clarinet quintet
cello;concertino for cello and orchestra
cello;concerto for cello and orchestra
organ;concerto for organ
piano;concerto for piano and orchestra
violin;concerto for violin and cello
violin;concerto for violin and orchestra
orchestra;coriolan
orchestra;coriolan overture
orchestra;danse macabre
orchestra;davidsbündlertänze
orchestra;daybreak
orchestra;dichterliebe
orchestra;don juan
orchestra;double concerto
violin;double concerto for violin and cello
orchestra;dover beach
orchestra;drei romanzen
orchestra;egmont
orchestra;egmont overture
orchestra;egyptischer marsch
orchestra;ein deutsches requiem
orchestra;ein heldenleben
orchestra;Élégie
orchestra;eljen a magyar
orchestra;emperor waltz
orchestra;en saga
orchestra;etude
orchestra;excursions
orchestra;fandanguillo
orchestra;fantaisie
orchestra;fantaisie -impromptu
orchestra;fantaisie -impromptu in c sharp minor
orchestra;fantasie
orchestra;fantasie -impromptu
orchestra;fantasiestücke
orchestra;fantasy
orchestra;faschingsschwank aus wien
orchestra;festive overture
orchestra;feuillet d 'album
orchestra;finlandia
orchestra;fireworks
orchestra;francesca da rimini
orchestra;frühlingsstimmen
orchestra;fünf stücke im volkston
orchestra;geistliches lied
orchestra;gesänge der frühe
orchestra;geschichten aus dem wienerwald
orchestra;grand duo concertant
orchestra;grande valse brillante
orchestra;große fuge
orchestra;havanaise
orchestra;humoreske
orchestra;imperial march
orchestra;impromptu
orchestra;introduction and allegro for strings
orchestra;kaiserwalzer
orchestra;karelia suite
orchestra;kikimora
orchestra;kinderszenen
orchestra;klavierkonzert
orchestra;klavierkonzert a -moll
orchestra;klaviersonate
orchestra;"knoxville , summer of number:1915"
orchestra;kol nidrei
orchestra;konzert für violine und orchester
orchestra;kreisleriana
orchestra;künstlerleben
orchestra;la capricieuse
orchestra;lagunen -walzer
orchestra;légende
orchestra;le rouet d 'omphale
orchestra;liederkreis
orchestra;lieutenant kijé suite
orchestra;luonnotar
orchestra;mallorca
orchestra;manfred symphony
orchestra;marche slav
orchestra;marche slave
orchestra;mass
orchestra;mazurka
orchestra;moments musicaux
orchestra;moonlight sonata
orchestra;morgenblätter
orchestra;morning from peer gynt suite
orchestra;moto perpetuo
orchestra;nachtstücke
orchestra;night ride and sunrise
orchestra;nocturne
orchestra;octet
orchestra;ode to napoleon buonaparte
orchestra;on the beautiful blue danube
orchestra;ouvertüre coriolan
orchestra;ouverture solennelle number:1812
orchestra;overture coriolan
orchestra;overture to the school for scandal
orchestra;papillon
orchestra;papillons
orchestra;pathétique sonata
orchestra;pavane
orchestra;peer gynt suite
orchestra;perpetuum mobile
orchestra;persian march
orchestra;persischer marsch
orchestra;peter and the wolf
piano;piano concerto
piano;piano quartet
piano;piano quintet
piano;piano sonata
piano;piano trio
orchestra;poeme
orchestra;poème
orchestra;pohjola 's daughter
orchestra;polonaise
orchestra;polonaise -fantaisie
orchestra;polonaise -fantasie
orchestra;pomp and circumstance march
orchestra;prelude
orchestra;"quartet for number:2 violins , viola , and cello"
orchestra;"quintet for clarinet , number:2 violins , viola , and cello"
orchestra;"quintet for piano , oboe , clarinet , horn , and bassoon"
orchestra;radetzky march
orchestra;radetzky -marsch
orchestra;requiem
orchestra;rhapsody on a theme by paganini
orchestra;rhapsody on a theme of paganini
orchestra;romance
violin;romance for violin
violin;romance for violin and orchestra
orchestra;rondo
orchestra;"rosen aus dem süden , walzer"
orchestra;russian easter festival overture
orchestra;russian easter overture
orchestra;russischer marsch
orchestra;sadko
orchestra;salut d 'amour
orchestra;schatz -walzer
orchestra;scheherazade
orchestra;scherzo
orchestra;scherzo capriccioso
piano;scherzo for piano
orchestra;schicksalslied
orchestra;scottish fantasy
orchestra;scythian suite
orchestra;sea pictures
orchestra;"septet for violin , viola , clarinet , horn , bassoon , cello , and double bass"
orchestra;serenade
orchestra;"serenade for string orchestra ,"
orchestra;serenade for strings
orchestra;"sextet for number:2 violins , number:2 violas , and number:2 cellos"
orchestra;sicilienne
orchestra;simple symphony
orchestra;slavonic march
orchestra;"slavonic march , for orchestra"
orchestra;slawischer marsch
orchestra;sonata
cello;sonata for cello and piano
piano;sonata for piano
cello;sonata for piano and cello
violin;sonata for piano and violin
cello;sonata for solo cello
violin;sonata for two violins
violin;sonata for violin
violin;sonata for violin and piano
orchestra;song without words
orchestra;sospiri
orchestra;string quartet
orchestra;string sextet
orchestra;string trio
orchestra;symphonic dances
orchestra;symphonic variations
orchestra;symphonie
orchestra;symphonie espagnole
orchestra;symphonie fantastique
orchestra;symphony
orchestra;symphony -concerto for cello and orchestra
orchestra;symphony for cello and orchestra
orchestra;tales from the vienna woods
orchestra;tapiola
orchestra;tarantella
orchestra;tarentelle
orchestra;the bells
orchestra;the blue danube
orchestra;the blue danube waltz
orchestra;the enchanted lake
orchestra;the isle of the dead
orchestra;the oceanides
orchestra;the planets
orchestra;the rock
orchestra;"the year number:1812 , festival overture"
orchestra;thunder and lightning polka
orchestra;till eulenspiegels lustige streiche
orchestra;toccata
piano;toccata for piano
orchestra;toccatina
orchestra;tod und verklärung
orchestra;tragic overture
orchestra;tragic overture for orchestra
orchestra;tragische ouvertüre
orchestra;trio élégiaque
orchestra;"trio for piano , violin , and cello"
orchestra;triple concerto
orchestra;tritsch -tratsch -polka
orchestra;tritsch -tratsch polka
orchestra;unter donner und blitz
orchestra;valse
orchestra;valse -scherzo
orchestra;valse triste
piano;variations for piano
orchestra;variations on a rococo theme
orchestra;variations on a theme by corelli
orchestra;variations on a theme by mozart
orchestra;variations on a theme of corelli
orchestra;variations sérieuses
orchestra;"vergnügungszug , polka schnell"
orchestra;verklärte nacht
orchestra;vers la flamme
orchestra;vienna blood
violin;violin concerto
violin;violinkonzert
violin;violin romance
violin;violin sonata
orchestra;voices of spring
orchestra;waldszenen
orchestra;waltz
orchestra;"wein , weib und gesang , walzer"
orchestra;wiener blut
orchestra;"wiener blut , walzer"
orchestra;"wiener bonbons , walzer"
orchestra;"wine , women and song"
orchestra;zigeunerweisen
